uniprot_id	gene	site_residue	position	sequence_window	organism
P06748	NPM1	S	4	AAAAAVTKsGEGQEHQ	human
P00519	ABL1	Y	412	QGQYMSAMyQLEKNPK	human
P04637	TP53	S	15	SVEPPQHLsQHVEKNP	human
P06493	CDK1	Y	15	EGVGAYGTyGEWYGKL	human
P24941	CDK2	T	160	EKIGEGTyGVVYKARN	human
P27361	MAPK3	T	202	DEMTGYVAtRWYRAPE	human
P28482	MAPK1	T	185	DEMTGYVAtRWYRAPE	human
P45983	MAPK8	T	183	DCMTGYVAtRWYRAPE	human
P53350	PLK1	T	210	LGSLGTPLtSTKIDEV	human
Q07817	BCL2L1	S	62	GDGSQASPsEEGALPS	human
P31749	AKT1	T	308	RPHFPQFsySASGTA	human
P31749	AKT1	S	473	RKRSSRAHsSSVNSSA	human
P00533	EGFR	Y	1068	VLGSGAFGtVYKGLWI	human
P06241	FYN	Y	420	EQIEDNEYtARQGAKF	human
P12931	SRC	Y	416	EQIEDNEYtARQGAKF	human
P46734	MAP2K3	S	218	EEELGQFPsNREIERL	human
P15924	DESM	S	82	VAPGQQSTsPLSPTFN	human
P04049	RAF1	S	338	QDFGLATEKsSSAMMP	human
P42336	PIK3CA	Y	467	QDVGDYFKdYPEPEGR	human
O14965	AURKA	T	288	RLGTVDGAthFHDYVR	human
